 {
    "balance": {
      "total_balance": 201350.5,
      "monthly_payment_limit": 50000,
      "payment_done_so_far": 20000,
      "payment_done_percentage": 40
    },
    "money_statistics": {
      "total_income": {
        "value": 650000,
        "trend": 12,
        "trend_color": "red"
      },
      "total_expense": {
        "value": 398000,
        "trend": 32,
        "trend_color": "green"
      },
      "total_investment": {
        "value": 128000,
        "trend": 3,
        "trend_color": "yellow"
      }
    },
    "transactions": [
      {
        "id": "84063cee-11e4-4721-a9ae-b66d6594c366",
        "date": "2023-08-05T19:09:49Z",
        "name": "Mitchell Mccarthy",
        "status": "Success",
        "type": "Cash",
        "amount": 829
      },
      {
        "id": "d0b72f39-77ad-4f98-a077-0f5448fc32ff",
        "date": "2023-07-09T16:23:04Z",
        "name": "Sonja Holder",
        "status": "Pending",
        "type": "Cash",
        "amount": 260.25
      },
      {
        "id": "118b2b37-5634-4481-b095-3e72f354b5ac",
        "date": "2023-06-22T06:58:21Z",
        "name": "Henry House",
        "status": "Failed",
        "type": "Transfer",
        "amount": 334.25
      },
      {
        "id": "e5cb952f-bc28-41a3-ba49-f55f58407e45",
        "date": "2023-06-14T23:50:38Z",
        "name": "Brandy Mosley",
        "status": "Success",
        "type": "Card Payment",
        "amount": 446.75
      },
      {
        "id": "16c6dd3c-9107-4bfd-8c8a-b1f733402b69",
        "date": "2023-06-24T20:20:42Z",
        "name": "Edna Garner",
        "status": "Success",
        "type": "Card Payment",
        "amount": 551.15
      },
      {
        "id": "7fda05a6-4994-4262-82d3-ba53cd2ba8df",
        "date": "2023-07-30T14:05:24Z",
        "name": "Hopper Goodwin",
        "status": "Success",
        "type": "Transfer",
        "amount": 893.25
      },
      {
        "id": "05f8c96e-d90a-4395-a78f-64697b7bb7f7",
        "date": "2023-07-01T18:28:29Z",
        "name": "James Hubbard",
        "status": "Success",
        "type": "Card Payment",
        "amount": 506.15
      },
      {
        "id": "f0ab8e24-26cb-412d-b22b-aeed54e8cca3",
        "date": "2023-07-18T15:21:38Z",
        "name": "Tyson Lara",
        "status": "Failed",
        "type": "Cash",
        "amount": 159.5
      },
      {
        "id": "04adcb3b-0fcb-448e-9f91-f678a22fb887",
        "date": "2023-05-09T22:35:59Z",
        "name": "Christina Garrett",
        "status": "Failed",
        "type": "Card Payment",
        "amount": 664.15
      },
      {
        "id": "adcc7f8c-0786-4fd0-b7a0-4037b966d418",
        "date": "2023-04-09T09:42:41Z",
        "name": "Angelina Fitzgerald",
        "status": "Success",
        "type": "Cash",
        "amount": 273.25
      },
      {
        "id": "0ec6338f-c980-44cc-8883-50ce29c1aadf",
        "date": "2023-10-23T00:12:02Z",
        "name": "Charlotte Mckinney",
        "status": "Success",
        "type": "Transfer",
        "amount": 510.75
      },
      {
        "id": "f2155fbf-0bac-4162-bed5-09dc383bbe99",
        "date": "2023-07-04T09:03:07Z",
        "name": "Ella Knox",
        "status": "Success",
        "type": "Card Payment",
        "amount": 99
      },
      {
        "id": "b3f086dd-cde1-466c-8405-d99ddb645105",
        "date": "2023-08-28T02:40:23Z",
        "name": "Jennie Larsen",
        "status": "Pending",
        "type": "Transfer",
        "amount": 831.15
      },
      {
        "id": "c34e2dae-f551-42aa-8dbe-52535eeeec9d",
        "date": "2023-09-22T06:08:19Z",
        "name": "Shanna Kennedy",
        "status": "Failed",
        "type": "Transfer",
        "amount": 598
      },
      {
        "id": "07393b9e-23d0-449e-8798-bd9714cce0d2",
        "date": "2023-07-21T18:23:10Z",
        "name": "Corinne Holman",
        "status": "Success",
        "type": "Transfer",
        "amount": 958.75
      },
      {
        "id": "aed6bbe4-de42-4fcd-90cc-12e2583468b5",
        "date": "2023-05-07T23:50:06Z",
        "name": "Clay Wilkins",
        "status": "Success",
        "type": "Cash",
        "amount": 673.25
      },
      {
        "id": "870f0e3f-fb19-4ae2-bc9d-bc3e949b0d3f",
        "date": "2023-05-02T23:15:55Z",
        "name": "Brittany Sims",
        "status": "Success",
        "type": "Cash",
        "amount": 759.5
      },
      {
        "id": "c7e72039-852d-434e-9d4d-5bb57498c303",
        "date": "2023-07-23T06:43:27Z",
        "name": "Fanny Sheppard",
        "status": "Pending",
        "type": "Card Payment",
        "amount": 266.25
      },
      {
        "id": "aedc6a23-871f-4043-ac36-0ddf9137d280",
        "date": "2023-10-13T13:35:46Z",
        "name": "Meadows Scott",
        "status": "Failed",
        "type": "Transfer",
        "amount": 322.5
      },
      {
        "id": "60b322f9-ae42-48d2-8bc3-07e7f833813d",
        "date": "2023-05-30T23:05:45Z",
        "name": "Tamika Webster",
        "status": "Success",
        "type": "Transfer",
        "amount": 183
      },
      {
        "id": "04fb3046-a3e8-4e4b-b968-ce56ff6e02de",
        "date": "2023-04-06T16:17:29Z",
        "name": "Julianne Pugh",
        "status": "Success",
        "type": "Cash",
        "amount": 550.15
      },
      {
        "id": "30fed819-21bc-4b7c-bb8f-45a6934c85a0",
        "date": "2023-10-09T19:56:10Z",
        "name": "Candice Snyder",
        "status": "Success",
        "type": "Card Payment",
        "amount": 240
      },
      {
        "id": "e96c1c98-4f4d-4ae4-b0e7-51f2c04a09ae",
        "date": "2023-10-14T05:28:27Z",
        "name": "Patricia Salas",
        "status": "Success",
        "type": "Cash",
        "amount": 231.75
      },
      {
        "id": "15f78a86-05b9-4108-a606-d3594cdca889",
        "date": "2023-08-05T20:40:17Z",
        "name": "Jimenez Bray",
        "status": "Success",
        "type": "Transfer",
        "amount": 660.5
      },
      {
        "id": "8ba39662-0a97-45d7-a0b9-903cbd437073",
        "date": "2023-10-21T18:53:13Z",
        "name": "Dorothy Oliver",
        "status": "Pending",
        "type": "Transfer",
        "amount": 119
      },
      {
        "id": "dcff9808-1c90-49b6-85d9-fe4e373f3075",
        "date": "2023-09-10T14:16:20Z",
        "name": "Lora Hawkins",
        "status": "Success",
        "type": "Transfer",
        "amount": 595
      },
      {
        "id": "3d45dca2-292e-4ce0-9243-6228dee8113b",
        "date": "2023-09-13T00:27:54Z",
        "name": "Horne Tyler",
        "status": "Success",
        "type": "Cash",
        "amount": 413.25
      },
      {
        "id": "d3c378e9-aa9d-484b-964b-317022fe76ed",
        "date": "2023-09-11T16:07:53Z",
        "name": "Simone Gould",
        "status": "Pending",
        "type": "Transfer",
        "amount": 310.5
      },
      {
        "id": "259f496c-c687-4f4d-81cd-70aefb09ace9",
        "date": "2023-09-29T02:59:37Z",
        "name": "Golden Barr",
        "status": "Pending",
        "type": "Cash",
        "amount": 495
      },
      {
        "id": "1b37bf3c-0be9-4b4b-acd6-d4596e0a2c78",
        "date": "2023-07-30T08:29:07Z",
        "name": "Juana Booth",
        "status": "Success",
        "type": "Card Payment",
        "amount": 795.75
      }
    ]
  }